doc_id,pid,condition,stance,task_number,text
P16_AGAINST,16,test,AGAINST,1,"While the pandemic normalized working from home, mounting evidence from todays leading companies suggests that remote work fundamentally undermines the productivity and innovation that drive economic success.

Major corporations are increasingly recognizing remote works limitations. In 2023, Disney CEO Bob Iger mandated office returns, citing creativity concerns. Amazon's Andy Jassy followed suit, requiring employees back for collaboration and company culture. Even tech giants like Meta and Google, initially remote-friendly, have tightened policies after observing declining innovation rates in distributed teams.

Recent productivity data reveals troubling trends. Microsoft's 2024 Work Trend Index found that 85% of leaders struggle to determine if remote employees are truly productive, while Stanford's Nicholas Bloom documented 10-20% productivity drops in fully remote arrangements. Goldman Sachs reported that their remote workers completed significantly fewer complex deals compared to in-office teams, directly impacting revenue.

The distraction epidemic is measurable. RescueTime's 2023 analysis of remote workers showed average focus sessions lasting just 12 minutes, compared to 23 minutes in office settings. Employees cited household chores, family interruptions, and delivery notifications as primary disruptors. Netflix's own internal study revealed that remote content creators took 40% longer to complete projects due to home-based distractions.

Innovation particularly suffers in remote settings. Apple's breakthrough products—from the iPhone to the Vision Pro—emerged from intensive, in-person collaboration at their Cupertino campus. SpaceX's rapid rocket development relies on engineers working side-by-side in their Hawthorne facility. These companys recognize that breakthrough innovation requires the spontaneous interactions and creative friction impossible to replicate virtually.

The mentorship crisis is equally concerning. JPMorgan Chase found that junior analysts working remotely showed 25% slower skill development compared to their in-office predecessors. The informal learning—overhearing important calls, observing negotiations, absorbing workplace norms—cannot be scheduled into Zoom meetings.

As international competitors maintain rigorous in-person work cultures, America's embrace of remote work risks undermining our competitive advantage through diminished productivity, innovation, and professional development."
P16_FOR,16,test,FOR,2,"Remote work isn't just a trend anymore—it's become the new standard for smart businesses who want to thrive in todays competitive landscape. After experiencing the benefits firsthand during the pandemic, it's clear that working from home offers significant advantages that traditional office setups simply can't match.

First and foremost, productivity has actually increased across most industries since companies adopted remote work policies. Without the constant interruptions of office chatter, lengthy commute times, and unnecessary meetings, employees can focus on what really matters: getting the job done. Studies have shown that remote workers are often more productive than there office-bound counterparts, completing tasks faster and with fewer distractions.

Employee satisfaction has also skyrocketed. Workers love the flexibility to create their own schedules and work environment's that suit their personal needs. This increased happiness translates directly into better performance and lower turnover rates, which saves companies thousands in recruiting and training costs.

The work-life balance benefits are undeniable. Remote work eliminates the stress of daily commutes, allows parents to spend more time with their children, and gives employees the freedom to live wherever they choose. People are no longer tied to expensive urban areas just to access good job opportunities.

From a business perspective, the financial benefits are huge. Companies can save enormous amounts on office rent, utilities, office supplies, and maintenance costs. Why pay $10,000+ per month for downtown office space when your team can work just as effectively from home? These savings can be reinvested into employee benefits, better technology, or company growth.

The old model of requiring everyone to sit in cubicles for eight hours a day is outdated and inefficient. Remote work represents the future of employment—one where results matter more than physical presence. Companies that resist this shift risk losing top talent to more progressive competitors who understand that happy, flexible employees are productive employees.

It's time for businesses to fully embrace remote work and leave the expensive, restrictive office model behind."
P17_AGAINST,17,control,AGAINST,2,"Despite strong employee desire for remote work, substantial research reveals significant organizational and individual risks associated with fully remote arrangements. Microsoft's 2022 Work Trend Index demonstrates that remote work creates dangerously siloed collaboration networks, with employees developing fewer cross-departmental connections and ""weak ties"" that are essential for innovation and knowledge transfer across teams.

For junior employees, the developmental consequences are particularly severe. Goldman Sachs research (2021) found that early-career professionals miss critical informal learning opportunities, networking experiences, and the cultural osmosis that naturally occurs in physical workspaces, resulting in measurably slower career progression. MIT Sloan's 2021 study corroborates this, showing that remote workers struggle to build meaningful workplace relationships, leading to reduced mentorship quality and weaker team cohesion that hampers long-term professional growth.

The cognitive burden of virtual collaboration presents another significant challenge. Harvard Business Review's analysis of ""Zoom fatigue"" (2021) documented substantially increased cognitive load from virtual meetings, resulting in higher stress levels, reduced attention spans, and demonstrably decreased meeting effectiveness compared to in-person interactions. This mental exhaustion compounds daily, undermining overall productivity and employee wellbeing.

Perhaps most concerning is remote work's impact on innovation capacity. Stanford research (Bloom et al., 2021) revealed that while routine task productivity remained stable, creative collaboration and breakthrough thinking declined significantly in virtual environments. The Journal of Business Venturing (2022) quantified this impact, showing 20% fewer breakthrough innovations among remote teams, particularly in complex problem-solving requiring spontaneous collaboration.

Work-life boundary erosion presents additional risks. Nature Human Behaviour's 2021 study found that remote employees worked longer but less focused hours, struggling to maintain healthy boundaries and experiencing increased burnout rates. This ""always-on"" mentality, while initially appearing as enhanced dedication, ultimately undermines sustainable performance and employee retention.

While remote work may deliver short-term satisfaction gains, these research findings suggest it fundamentally compromises the collaborative networks, mentorship systems, and innovative capacity that drive long-term organizational success and individual career development."
P17_FOR,17,control,FOR,1,"While many people are concerned about remote work and question whether the benefits truly outweigh the downsides, I believe allowing employees the option of remote work promotes a healthier work environment. Research demonstrates that remote work can lead to significant productivity gains—with studies showing increases of 7-13%—along with reduced turnover rates by up to 50% and higher job satisfaction due to increased schedule flexibility and eliminated commute time.

However, the evidence also reveals legitimate challenges. Studies have found that remote work can reduce collaboration networks, limit cross-team communication, and decrease creative idea generation in virtual brainstorming sessions. Additionally, remote workers often experience higher levels of loneliness and social isolation that can impact performance and well-being.

While these issues require proactive management through enhanced virtual collaboration tools, structured team-building efforts, and intentional communication strategies, they are not insurmountable. Remote work does require management to trust employees without direct supervision, which concerns many employers. Nevertheless, the documented benefits to workplace satisfaction, employee autonomy, and intrinsic motivation—combined with significant cost savings and improved work-life balance—suggest that thoughtfully implemented remote work policies can create net positive outcomes for both employees and organizations when potential drawbacks are actively addressed. The extra effort of ensuring proper team relations should be in place regardless of whether employees work remotely or in office, so the additional benefits of remote work far outweigh the cons."
P18_AGAINST,18,test,AGAINST,2,"The Case Against Remote Work: Why In-Person Employment Remains Essential
While remote work gained widespread acceptance during the pandemic, mounting evidence suggests that working from home creates more problems than it solves. Despite its perceived conveniences, remote work fundamentally undermines productivity, collaboration, and professional development in ways that threaten both individual careers and organizational success.
The most significant drawback of remote work is the erosion of meaningful collaboration and innovation. Breakthrough ideas rarely emerge from scheduled video calls or sterile digital interactions. Instead, they flourish in spontaneous hallway conversations, impromptu brainstorming sessions, and the organic energy that emerges when creative minds share physical space. Remote work strips away these serendipitous moments, leaving teams with rigid, agenda-driven meetings that stifle creativity and problem-solving.
Furthermore, remote work severely hampers professional development, particularly for younger employees. Mentorship cannot be effectively replicated through screen-sharing sessions. Junior staff miss crucial learning opportunities that come from observing experienced colleagues navigate complex situations, reading non-verbal cues during negotiations, or absorbing institutional knowledge through casual interactions.
The Implementation Challenge
Admittedly, the success of remote work policies depends heavily on implementation quality and organizational culture. Companies with robust digital infrastructure, clear communication protocols, and strong management practices may mitigate some remote work disadvantages. However, this nuanced reality actually strengthens the argument against widespread remote adoption. The extensive resources, training, and structural changes required to make remote work merely functional could be better invested in optimizing in-person collaboration environments. Most organizations lack the sophistication to implement remote work effectively, making it a risky gamble rather than a reliable strategy.
Proponents argue that remote work increases productivity and improves work-life balance. However, studies increasingly show that initial productivity gains were temporary, and work-life boundaries often become more blurred rather than better defined.
In conclusion, while remote work's effectiveness varies by implementation, the consistent challenges it presents across collaboration, development, and innovation make in-person work the more reliable foundation for organizational success."
P18_FOR,18,test,FOR,1,"The Case for Remote Work: A Win-Win Solution

Remote work has transformed from a pandemic necessity to a permanent fixture in modern employment, and for good reason. The evidence demonstrates that remote work arrangements benefit companies, employees, and society, creating a more efficient and sustainable approach to professional life.

Organizational Benefits

Remote work delivers measurable productivity gains, primarily due to fewer interruptions and reduced commute-related stress. Companies realize significant cost savings on office space and utilities while accessing a global talent pool unrestricted by geography. Remote work options also improve employee retention since flexibility is highly valued, reducing costly turnover. Organizations benefit from enhanced business continuity, as distributed workforces are less vulnerable to local disruptions and can maintain extended operating hours across time zones.

Employee Benefits

Remote work offers unprecedented work-life balance, eliminating lengthy commutes and providing flexibility to manage caregiving duties and personal responsibilities. This flexibility reduces stress while enabling better health outcomes through more time for exercise and medical appointments. Employees save money on transportation and work clothing while gaining location independence. The ability to customize their work environment often results in increased focus and creativity while reducing exposure to workplace illnesses and office politics.

Societal Benefits

Remote work creates positive impacts beyond individual organizations. Reduced commuting decreases traffic congestion and carbon emissions, contributing to environmental sustainability. Economic benefits extend to communities outside major urban centers, as remote workers contribute to local economies in smaller towns, promoting balanced regional development.
Potential Drawbacks

Research presents conflicting findings on remote work's effectiveness. Some studies show productivity declines, particularly during transitions, while others demonstrate gains. The reality appears contextual—collaborative tasks and creative brainstorming may be less effective remotely, while focused individual work often improves. ""Zoom fatigue"" and isolation concerns are valid for some employees, and onboarding presents challenges without in-person mentorship.

However, modern communication tools have largely addressed collaboration issues, with many teams reporting improved communication. Hybrid work models offer excellent compromises, allowing remote work while maintaining periodic in-person collaboration. Success depends on thoughtful implementation tailored to specific roles and individuals.

Conclusion

While research shows mixed results depending on context, the overall evidence suggests significant benefits when properly implemented. Companies enjoy productivity gains and cost savings, while employees gain flexibility and quality of life. Society benefits from reduced environmental impact. With proper management and recognition, remote work represents a valuable evolution in employment that prioritizes results over presence."
P19_AGAINST,19,control,AGAINST,1,"A Case for Returning to the Office

While remote work offers undeniable conveniences, there are compelling reasons why in-person work environments remain valuable for both organizations and employees.

Collaboration Challenges

Remote work presents genuine obstacles to effective collaboration. The spontaneous brainstorming sessions that happen when colleagues bump into each other at the coffee machine or overhear an interesting conversation are harder to replicate digitally. Consider how many breakthrough ideas emerge from casual hallway discussions. These unplanned moments of creative collision simply don't occur when everyone is in separate home offices. Complex problem-solving often benefits from real-time interaction, where team members can sketch ideas on whiteboards, read body language, and build on each other's energy. Virtual meetings, while functional, can feel more formal and structured, potentially stifling the creative spontaneity that drives innovation.

Work-Life Balance Complications

Many remote workers find it surprisingly difficult to maintain healthy boundaries between professional and personal time. Children interrupting video calls, delivery trucks arriving during important presentations, and pets demanding attention during focused work sessions are common disruptions that rarely occur in traditional offices. The always-accessible laptop creates subtle pressure to respond to late-night emails or weekend Slack messages, leading to burnout as the workday never truly ends. When your dining table serves as your desk, it becomes challenging to mentally ""leave work"" at the end of the day.

Relationship Building Limitations

Professional relationships often develop through informal interactions that are less common in remote settings. The casual conversations about weekend plans, shared frustrations over the office printer, or collaborative lunch discussions that naturally spark new project ideas happen less frequently when communication becomes primarily task-focused and scheduled.

While remote work suits some situations, thoughtfully designed office environments continue to offer unique advantages worth considering."
P19_FOR,19,control,FOR,2,"The Case for Remote Work: A Win-Win Revolution

The shift toward remote work represents one of the most significant workplace transformations of our time, and for good reason. As organizations worldwide reassess traditional office models, the evidence overwhelmingly supports embracing remote work as a permanent fixture of modern employment.

Flexibility and Autonomy Drive Success

Remote work fundamentally transforms the employee experience by prioritizing results over rigid schedules. Workers can structure their days around peak productivity hours, whether they're early birds or night owls. This autonomy extends beyond timing: employees can create personalized work environments that enhance focus and creativity. Parents can attend school events, caregivers can manage responsibilities, and individuals can maintain better work-life integration. This flexibility doesn't diminish accountability; instead, it empowers employees to deliver their best work on their own terms.

Cost Savings Benefit Everyone

The financial advantages of remote work are undeniable. Employees save thousands annually on commuting costs, from gas and parking fees to public transportation passes and vehicle maintenance. These savings translate into improved quality of life and reduced financial stress. Meanwhile, employers benefit from decreased overhead costs: smaller office spaces, lower utility bills, and reduced facility maintenance. This mutual cost reduction creates a sustainable model where both parties reinvest savings into growth and development.

Global Talent Pool Creates Competitive Advantage

Perhaps most compelling is remote work's ability to transcend geographical boundaries. Companies can now recruit the world's best talent regardless of location, accessing specialized skills previously limited by proximity. This global hiring approach increases diversity, brings fresh perspectives, and drives innovation. Organizations that embrace remote work gain significant competitive advantages by building stronger, more diverse teams while offering opportunities to talented individuals in underserved markets.

Addressing the Challenges

While remote work presents challenges (communication gaps, social isolation, and coordination complexities), these obstacles are increasingly manageable through improved technology and intentional management practices. The benefits far outweigh these growing pains.

Remote work isn't just a pandemic response; it's the future of intelligent, sustainable employment that benefits workers, employers, and society alike."
P22_AGAINST,22,test,AGAINST,2,"I never thought I'd say this, but I miss my coworkers. Not just talking to them on Zoom calls where everyone's muted and staring blankly at screens, but actually being around them. The random conversations that happened when someone brought donuts to the break room. The way Sarah from accounting would always have the best gossip. Even Jim's terrible dad jokes somehow made the day better.

Working from home sounded amazing at first. No commute, no pants required for video calls, unlimited snacks. But after two years of this, I've realized we've lost something important. When my laptop crashes now, I spend twenty minutes on a help ticket instead of walking over to IT and getting it fixed in two minutes. When I need to brainstorm ideas, I'm scheduling meetings weeks out instead of just grabbing whoever's free and sketching things on a whiteboard.

The worst part is how invisible everyone has become. I used to know when Maria was having a rough week because I could see it in her face. Now I have no idea if my teammates are struggling, celebrating, or thinking about quitting. We've become profile pictures in a chat window.

Sure, I can focus better at home sometimes. No chatty coworkers interrupting my deep work. But I've also missed out on overhearing conversations that sparked new ideas, or jumping into discussions that led somewhere unexpected. Those moments of serendipity just don't happen when everything is scheduled and structured.

My junior colleagues are suffering the most. They're missing out on watching how experienced people handle difficult conversations or navigate office politics. You can't learn leadership through a screen.

Remote work gave us flexibility, but we traded away the messy, unpredictable, wonderfully human parts of working together. Maybe it's time to admit that some things are worth the commute."
P22_FOR,22,test,FOR,1,"The pandemic pushed millions into remote work almost overnight, and the results have been remarkable. Remote work delivers significant benefits for both employees and employers that we should embrace moving forward.

Companies across industries have seen productivity gains with remote teams. Businesses like Twitter, Shopify, and GitLab have maintained or improved their output with fully distributed workforces. When people can work during their peak hours without office interruptions, they accomplish more meaningful work.

Remote work opens up talent pools like never before. Companies can now recruit the best candidates from anywhere, leading to stronger teams and faster hiring processes. Geographic boundaries no longer limit who you can bring onto your team, which drives innovation and competitiveness.

The personal benefits for workers are substantial. The average American commute is 27 minutes each way according to the U.S. Census Bureau. Remote workers gain back nearly an hour daily to spend with family, exercise, or develop new skills. People can design work environments that suit their needs and live in places they actually want to call home rather than wherever their office happens to be located.

Remote work also delivers environmental advantages. Fewer daily commuters mean lower carbon emissions and reduced traffic congestion. Cities have measured noticeable air quality improvements during periods of high remote work adoption.

Modern technology addresses most collaboration concerns effectively. Video calls, messaging platforms, and project management tools often facilitate clearer communication than traditional office setups with scattered meetings and constant interruptions. Remote teams frequently develop stronger working relationships built on clear communication and mutual accountability.

Remote work represents a significant evolution in how we think about productivity and work-life integration. Companies that embrace this model position themselves to attract top talent, reduce overhead costs, and create more sustainable business practices for the future."
P24_AGAINST,24,test,AGAINST,1,"Remote work has become our world's new normal ever since the 2020 COVID-19 pandemic. Many companies have realized that they can save money on office space by allowing their employees to work from home, and employees have enjoyed the additional flexibility. However, new research has shown that remote work has a negative impact on work quality, community, communication, and mental health.
People are meant to be social creatures, not to simply sit at home and stare at a computer screen all day. Remote work takes away our sense of community and our ability to connect with people. We need real human contact, not fake connections through a screen. Furthermore, ever since the rise of remote work, we have seen a rise in co-working spaces, showing that people in fact do not enjoy sitting at home and working alone. Freelancers even rent out office space and work alongside other freelancers just to feel like they are part of something.
Companies that are finding the most success are those implementing hybrid work schedules, such as 3-4 days in the office and 1-2 days remotely. By implementing a hybrid schedule, companies are able to balance their employees' need for flexibility while maintaining a sense of community.
As we move forward in the post-pandemic world, it's clear that the future of work lies not in choosing between remote and in-person arrangements, but in finding the right balance between both. Companies that embrace hybrid models will not only retain top talent by offering flexibility, but also maintain the human connections and collaborative spirit that drive innovation and success. The question is no longer whether to work from home or the office, it's how to blend the best of both worlds."
P24_FOR,24,test,FOR,2,"Remote work has become the new standard in today's professional landscape. The modern workforce has fundamentally shifted priorities, moving away from traditional corporate advancement, workplace conflicts, and superficial office interactions. Today's employees prioritize personal boundaries and mental well-being over conventional office culture. They seek greater work-life integration, valuing quality time with loved ones and the flexibility to enjoy the fruits of their labor.
Remote work enables employees to prioritize their personal lives rather than having everything revolve around their careers. This flexibility proves invaluable for those managing childcare or eldercare responsibilities, allowing them to schedule medical appointments or handle daily errands without requesting time off. In remote work environments, employees enjoy autonomy over their schedules. As long as they attend required meetings and meet established deadlines, they have complete control over how, when, and where they work.
Many professionals have discovered the freedom to work while traveling, requiring only a laptop and internet connection to maintain productivity from anywhere in the world. This mobility allows individuals to truly experience life rather than remain tethered to a single location.
Remote work also delivers significant benefits to companies. Employees often demonstrate increased productivity without typical office distractions, completing tasks more efficiently. Furthermore, organizations can substantially reduce overhead costs by downsizing their physical footprint, eliminating the need for expensive office space such as multiple floors in premium urban locations.
The shift toward remote work represents more than a temporary adaptation, it reflects a fundamental transformation in how we approach professional life. As both employees and employers recognize the mutual benefits of flexible work arrangements, remote work will likely remain a cornerstone of modern business strategy. This evolution creates a more sustainable, productive, and human-centered approach to work that aligns with contemporary values and priorities.
"
P25_AGAINST,25,control,AGAINST,2,"While remote work gained popularity during the pandemic, returning to traditional office environments offers irreplaceable advantages that significantly impact career growth and organizational success.

Professional development suffers dramatically in remote settings. Spontaneous learning opportunities—overhearing strategic discussions, observing leadership decisions firsthand, or witnessing how experienced colleagues handle challenging situations—simply cannot be replicated virtually. These organic moments provide invaluable insights into company culture, industry practices, and professional behavior that formal training sessions rarely capture.

Building meaningful relationships with colleagues proves nearly impossible through screens. The casual conversations by the coffee machine, collaborative brainstorming sessions, and shared experiences during stressful deadlines create bonds that translate into better teamwork, increased trust, and stronger professional networks. Remote workers often report feeling isolated and disconnected from their teams, leading to decreased job satisfaction and loyalty.

On-the-job training and mentoring require physical presence to be truly effective. New employees need immediate feedback, real-time guidance, and the ability to shadow experienced workers. Technical skills, company procedures, and nuanced decision-making processes are best learned through direct observation and hands-on practice. Virtual mentoring lacks the spontaneity and depth of in-person interactions, resulting in slower skill development and reduced confidence.

Additionally, remote work creates communication barriers, reduces accountability, and makes it difficult for managers to assess performance accurately. The collaborative energy and innovation that emerge from face-to-face interactions are essential for organizational growth and employee advancement. While remote work offers convenience, the long-term career and organizational costs outweigh these temporary benefits."
P25_FOR,25,control,FOR,1,"As someone who works remotely, I can confidently say the pandemic's forced experiment in home-based work revealed a fundamental truth: remote work isn't just viable—it's superior for most knowledge workers.

The productivity gains are undeniable. At home, I control my environment completely. No chatty coworkers interrupting deep work, no time wasted in pointless meetings I could've skipped, and no energy drained by commuting. I can focus for hours without distraction, diving deep into complex projects that require sustained concentration. This level of focus is nearly impossible in traditional open offices.

The work-life balance transformation is remarkable. Without commuting, I reclaim hours daily for exercise, hobbies, or simply unwinding. I can take genuine lunch breaks, step outside for fresh air, or handle personal tasks efficiently. This flexibility reduces stress dramatically and prevents the burnout that plagues so many office workers.

My schedule adapts to my natural rhythms. I tackle challenging work during my peak energy hours and handle routine tasks when my focus wanes. This isn't just personal preference—remote workers consistently report higher productivity and job satisfaction.

Employers benefit enormously too. They access global talent pools instead of being limited by geography, slash expensive office overhead, and see improved employee retention. The environmental benefits from reduced commuting are substantial.

Critics worry about collaboration and culture, but these challenges are solvable with proper tools and intentional communication. The benefits far outweigh the drawbacks.

Companies forcing returns to traditional offices will lose top talent to competitors offering location independence. Remote work represents the evolution of how we work—and there's no going back."
P26_AGAINST,26,test,AGAINST,2,"There are many cons to remote work. First being that there is a reduction in productivity. When going into the office, you are able to focus without distractions of home life interfering. When you have a family at home, it's hard to not be like let me just do this chore at home really quick, and that takes you away from being productive in work. Being in the office would reduce interruptions and allow employees a better environment to get work done. This also allows work to be monitored and to make sure employees are progressing well, and the work is of quality. 

Another reason remote work is not good for the workforce, because they lose social skills along the way. It is very different when interacting with people everyday face to face and just on zoom/teams. Many people after COVID felt as though they had lost their way of being social, whether it be in a informal environment or at work. This enforces people to not interact with others in real life and that can be damaging in the long run. This can also impact company cultures and make weak workplace relationships.

One of the biggest concerns should be security. It is hard to monitor and protect the employee and company data when remote. 

The reasons to work remotely can be tempting, and there are many pros to being remote. But there are also serious cons that should not go unnoticed. "
P26_FOR,26,test,FOR,1,"There are many pros to working remotely that allows people the freedom to work at a good pace but also reduce costs and carbon footprint. Remote work has evolved since COVID. It allows people to have work-life balance because when there isnt a commute, employees are able to do more activities or spent time with family, or even be able to cook their lunch/dinners at reasonable times. Financially they are able to cut costs on buying work clothes, and lunch meals. They also don't need to spend on gas for car due to not having a commute. It also allows employees to live in cheaper areas because they don't need to live near the office, which also is a financial benefit. 

A person is able to focus better and improve productivity as well because there are less interruptions when not at work. In my experience, someone is usually dropping in for something when physically at work, and it sets you behind in your own work/productivity. Another thing would be that employees are reducing environmental impact. By not driving a car to work everyday, and not running a whole office with electricity, they would be reducing the carbon footprint. 

Remote work isnt perfect but it does have its strong advantages. "
P27_AGAINST,27,control,AGAINST,1,"Remote work is a lazy person's way to do a job. Hard work is truly done when sitting inside of a room where there are colleagues surrounding you who work just as hard as you. To be able to produce meaningful and valuable work-- one has to be in an environment where they are able to do so. Sitting from home, either at your desk or on your bed, makes your brain believe that you are not being productive. Everything seems easier, and shortcuts are often taken because of the lack of supervision from your fellow co-workers or boss. Sure, certain tasks can still be achieved, but nobody will see if you are slacking. One could say they have been working hard all day but instead have been playing games on the computer while ingesting marijuana and touching their mouse every couple minutes so they seem to have been productive. Overall, it seems to me that we should not continue allowing people to work remotely. Before COVID-19-- remote work was inaccessible, and many did not do it. As a society, we became too comfortable with shortcuts and laziness. The only people of the working class who should be allowed to do remote work are those who have suffered an injury and cannot come into office. "
P27_FOR,27,control,FOR,2,"Working from home makes everyone's life easier. In a society where technology is advancing at such an exponential rate-- remote work has become easier and more accessible. Although some may argue that working remotely leads to lazy outcomes, I want to argue that being able to complete tasks from your job at the comfort of your own home increases production. Why would anyone take the time to travel thirty minutes to an office to sit in an uncomfortable chair for 8 hours a day with bright LEDs hanging above their heads when we can make ourselves comfortable in our own homes with an environment that already feels welcoming? I'd rather save the time it takes me to drive to the office to enjoy some extra sleep. Extra sleep leads to more productivity. And without the gleaming stare from my boss over my shoulder-- working remotely makes me feel safe to do the task at hand without fear that I'm being watched or judged or my production on any given day. Overall, as someone who already works remotely-- I agree that working from home and taking calls whenever it is my convenience lowers my stress and produces more meaningful results at the end of the day. "
P29_AGAINST,29,control,AGAINST,2,"While remote work offers certain conveniences, it presents significant challenges that may undermine workplace effectiveness and employee wellbeing.

While for some, remote work allows greater work-life balance, for others, it can be difficult to set healthy boundaries around working hours. Overworking or a lack of healthy work habits can eventually lead to burnout. The act of coming to and leaving an office space creates a physical indicator of when work starts and ends, which can be beneficial in those cases.

The absence of face-to-face interactions and casual conversations eliminates crucial opportunities for building trust and meaningful professional relationships, often leaving remote employees feeling isolated from their colleagues and company culture. There is no organic setting for spontaneous learning opportunities and creative collaboration, which often occurs in shared physical spaces.

This physical separation also creates substantial management difficulties, as supervisors struggle to provide adequate oversight, support, and mentorship when limited to scheduled video calls and asynchronous communication—challenges that become even more pronounced across different time zones. 

Furthermore, remote work simply isn't feasible for many essential roles, including healthcare workers, laboratory researchers, and other positions requiring hands-on tasks or specialized equipment. 

The  dependency on personal technology and infrastructure creates reliability issues that employers cannot easily control or quickly resolve, such as when an employee's computer fails or power outages disrupt productivity, leaving both workers and managers in difficult positions. 

"
P29_FOR,29,control,FOR,1,"Remote work offers significant advantages for both employees and employers by providing flexibility and improving work-life balance. Employees have more time for exercise, meal preparation, and day-to-day tasks, which reduces overall stress and improves job satisfaction. This in turn can lead to reduced turnover rates for employers.

When unexpected circumstances arise—such as car trouble, childcare issues, or minor illness—hybrid and remote work options allow employees to maintain productivity without taking time off, ensuring business continuity. The remote workspace also reduces exposure to illness, which should result in less sick days used across cold and flu season.

Remote setups eliminate geographical barriers entirely, enabling companies to hire the most talented candidates regardless of location without incurring expensive relocation costs. This expanded talent pool is particularly valuable since the prospect of relocating can deter qualified applicants, meaning remote work significantly widens the scope of potential hires while reducing recruitment expenses. Having employees across various time zones can additionally extend operational hours without posing the stress, disruption, and health risks of late night shifts.

Remote set ups further reduce costs for employers by requiring less or no formal office space, utilities, or supplies.

In conclusion, remote work options provide substantial benefits to both the employer and the employee. 
"
P30_AGAINST,30,test,AGAINST,2,"While remote work has gained widespread acceptance, particularly following the 202 covid pandemic, it presents significant challenges that organizations and employees must carefully consider. Despite its apparent conveniences, remote work can undermine productivity, company culture, and professional development in ways that may not be immediately apparent.

The spontaneous interactions that fuel creativity and problem-solving are largely lost in remote environments. Those impromptu hallway conversations, quick desk-side consultations, and collaborative brainstorming sessions that happen naturally in offices are difficult to replicate virtually. When team members work in isolation, the cross-pollination of ideas diminishes, potentially stifling innovation and slowing decision-making processes.

Remote work relies heavily on digital communication, which often lacks the nuance of face-to-face interaction. Non-verbal cues, which comprise a significant portion of human communication, are lost or diminished in video calls. This can lead to misunderstandings, reduced empathy among team members, and a more transactional approach to workplace relationships.

Junior employees particularly suffer in remote environments, missing out on mentorship opportunities and the informal learning that comes from observing experienced colleagues. The apprenticeship model of professional growth, where knowledge is transferred through daily interactions and observation, becomes nearly impossible to maintain.

Building and maintaining a strong organizational culture requires shared experiences and personal connections that are difficult to foster remotely. The sense of belonging and shared purpose that drives employee engagement tends to weaken when teams are physically disconnected.
While remote work offers flexibility and eliminates commutes, these benefits may come at the cost of collaboration, innovation, and professional growth that are essential for long-term organizational success."
P30_FOR,30,test,FOR,1,"Remote work is a beneficial work-style that can have multiple benefits if conducted well. As we saw during the 2020 pandemic, which was the big shift to remote work, people are actually more productive and happier with remote work. Before, office workers would spend 20 minutes to an hour commuting in stressful traffic to sit in an office on the computer the entire day. With the shift to remote, that time could now be spent with being with family, exercising outside, or doing house work. Furthermore, many people were able to make more, healthier, home-cooked meals, saving money and, maybe, losing some pounds. On money savings, not having to make the commute also helped the budget as money on gas and car wear and tear decreased.

As for productivity, remote workers are able to customize their workspace to what makes them most productive, rather than being limited to what work provides. Also, small distractions like office noises or small chit-chat helped workers focus better, and complete tasks in less than time than if they were in the office. 

Lastly, there were global impacts to remote work. For one, the lack of commutes helped decrease carbon emissions around the globe.   Also, talent could now be pulled from anywhere, a boon to both workers and their companies. 

Now, there are challenges to remote work. For one, workers early in their careers might not get the same mentorship and guidance as they would if they were in the office full-time. They also don't get the connections and networking. However, some say this consequence is fine if they get to keep a good work life-balance. Furthermore, there were instances seen during the pandemic, and even now, of workers not having self-discipline to get tasks completed, but this has been small compared to the productivity boost. However, a potential way forward to minimize some of these consequences might be hybrid work, where employees go to an office 2-3 days of the week, keeping time in the office and at home."
P32_AGAINST,32,test,AGAINST,1,"Most people are for remote work due to the comfort and convenience of working at your own home, but the majority of people I believe can not work at their most efficient level at home due to the lack of boundary between work and leisure. Most are more likely to be distracted by fun things they'd rather be doing while working. There is also the loss of social interaction between peers that is wholly missing in remote work. The most recent generations are more likely to feel isolated and lonely due to an increasing lack of places for adults to make friends with fellow adults.

When working from home, the temptation to check social media, watch television, or attend to household chores becomes overwhelming for many individuals. The physical separation that an office provides creates a psychological barrier that helps maintain focus and productivity. Without this clear delineation, work tasks often suffer as personal life inevitably bleeds into professional responsibilities.

Furthermore, the collaborative energy that emerges from in-person brainstorming sessions, casual conversations by the coffee machine, and spontaneous problem-solving discussions cannot be replicated through video calls or instant messaging. These organic interactions often lead to innovative solutions and strengthen team bonds. The absence of face-to-face communication also makes it challenging to read body language and emotional cues, potentially leading to misunderstandings and decreased empathy among colleagues. For younger professionals especially, remote work eliminates crucial networking opportunities and mentorship relationships that typically develop naturally in traditional office environments"
P32_FOR,32,test,FOR,2,"People, mostly older generations, will argue against remote work as it changes the way the working environment around them works and forces them to work with unfamiliar environment. However the pros of remote work may out weigh the struggle of learning how to function in an ever changing work culture. With a lack of commute, more jobs will become available to those who can't travel due to lack of transportation, disability, or distance to cities and urban areas where jobs are more available. It also decreases the amount of traffic on the road. It also reduces the chance of workplace harassment.

Furthermore, remote work offers significant cost savings for both employees and employers. Workers save money on gas, parking fees, work attire, and daily meals, while companies can reduce overhead expenses related to office space, utilities, and equipment. The flexibility of remote work also promotes better work-life balance, allowing employees to spend more time with family and pursue personal interests, ultimately leading to increased job satisfaction and productivity.

Environmental benefits extend beyond reduced traffic congestion. With fewer people commuting daily, carbon emissions decrease substantially, contributing to cleaner air and reduced environmental impact. Additionally, remote work enables companies to tap into a global talent pool, hiring the best candidates regardless of geographic location. This increased access to diverse talent can drive innovation and improve business outcomes while providing opportunities for skilled workers in rural or economically disadvantaged areas to access high-quality employment opportunities"
P33_AGAINST,33,control,AGAINST,2,"While remote work promises freedom and efficiency, the reality often falls short of the hype. The most celebrated benefits deserve closer scrutiny.

Yes, companies can theoretically hire anyone from anywhere, but this creates new problems. Managing across time zones becomes a logistical nightmare. That ""flexible"" schedule means someone is always working odd hours for team meetings. Meanwhile, the supposed cost savings on office space get eaten up by technology stipends, co-working allowances, and the administrative complexity of managing a distributed workforce.

The erosion of workplace relationships isn't just about missing water cooler chat. It's about the mentor who notices you're struggling, the colleague who includes you in an impromptu brainstorming session, or the cross-department conversation that sparks innovation. These moments can't be scheduled on Zoom.

Remote workers report feeling invisible during promotion cycles. Out of sight really does mean out of mind. Company culture becomes a series of forced virtual happy hours rather than the organic shared experiences that build genuine team cohesion. New employees struggle most, missing the informal learning that happens when you can simply observe how things actually get done.

Without natural oversight, productivity becomes harder to measure and manage. Some employees thrive with autonomy, but others flounder without structure. Managers resort to micromanaging through surveillance software or, conversely, become hands-off to the point of neglect. The result is often a tale of two workforces: highly self-motivated performers and struggling employees who get left behind.

Remote workers face expenses that office-based employees take for granted. Quality internet, ergonomic furniture, adequate lighting, heating and cooling costs, and yes, buying lunch every day instead of enjoying catered meetings. These costs add up, effectively reducing compensation.

The isolation takes a psychological toll too. Work-life balance becomes work-life blur when your bedroom is your boardroom. The commute, much maligned, actually provided valuable transition time between personal and professional mindsets.

Remote work isn't inherently bad, but we need honest conversations about its limitations. For all its promised benefits, it often delivers isolation instead of flexibility, surveillance instead of trust, and hidden costs instead of savings. Some jobs and some people thrive remotely, but pretending it's a universal solution ignores the very human needs that traditional workplaces, at their best, actually fulfill."
P33_FOR,33,control,FOR,1,"Why Remote Work Isn't Just the Future- It's the Present We Need
The great remote work debate continues to rage in boardrooms across America, with executives clinging to notions that productivity requires physical presence. Having witnessed both sides of this transformation, I'm convinced arguments for remote work far outweigh the concerns - and most objections stem from management failures, not inherent flaws in remote work itself.

The most compelling argument for remote work isn't about convenience, it's about justice. When we insist on in-office work, we systematically exclude talented individuals who cannot relocate due to disabilities, caregiving responsibilities, or economic constraints. A brilliant software developer in rural Alabama shouldn't be passed over because they can't move to Silicon Valley.

Remote work unleashes human potential by allowing people to work when they're actually productive. Some people do their best creative work at 6 AM while others hit their stride at 10 PM. For non-client-facing roles, this flexibility translates directly into higher-quality output.

Companies save significantly on office space, utilities, and supplies while employees eliminate commuting expenses and access lower living costs. The environmental benefits are undeniable—eliminating millions of daily commutes reduces carbon emissions more effectively than most corporate sustainability initiatives.

""But what about workplace relationships?"" This reveals a fundamental misunderstanding of how connection works. I've seen remote teams develop stronger bonds through intentional virtual interactions than office workers who sat near each other for years without meaningful conversation. The key isn't proximity, it's purposeful communication.

The worry about employee detachment typically stems from poor management, not remote work itself. When leaders fail to communicate vision or provide regular feedback, employees feel disconnected whether working from home or a corner office.

""How do we know people are actually working?"" This question reveals outdated thinking. Measuring productivity by hours in a chair rather than actual results is management malpractice. Remote work forces organizations to focus on outcomes - exactly where attention should be. Digital tools provide better visibility into project progress than physical observation ever could.

Thoughtfully implemented remote work creates more inclusive, productive, and sustainable organizations. Companies still fighting this transition aren't preserving culture - they're limiting their access to talent and clinging to industrial-age thinking in a knowledge economy.

The question isn't whether remote work is perfect - it's whether it's better than the alternative. On that measure, the case is closed."
P34_AGAINST,34,test,AGAINST,2,"While remote work has gained worldwide popularity and offers numerous benefits like flexibility and reduced commuting, it's not without its drawbacks. As millions of professionals have transitioned to working from home, several significant challenges have emerged that can impact both personal well-being and professional growth. Understanding these potential downsides is crucial for both employees and developing strategies to mitigate these issues.

Remote work can create significant challenges around social connection and maintaining healthy boundaries. The lack of casual interactions with colleagues, such as conversations by the coffee machine or unplanned brainstorming sessions, often leads to feelings of isolation and disconnection from the team. This social disconnect is compounded by the blurring of personal and professional boundaries when working from home. Without the physical separation between office and home, many remote workers struggle to ""switch off,"" finding themselves working longer hours and having difficulty establishing clear limits between their work life and personal time. The result is often a situation where workers feel both lonely during work hours and unable to fully disconnect during personal time.

One of the most significant long-term drawbacks of remote work is its potential impact on career advancement. Remote employees often suffer from reduced visibility to management and leadership, making it harder to showcase their contributions and build the relationships that drive career growth. The informal mentorship and learning opportunities that naturally occur in office settings, overhearing strategic conversations, observing how senior colleagues handle situations, or being pulled into last-minute important meetings—are largely lost in remote environments. This ""out of sight, out of mind"" dynamic can result in remote workers being overlooked for promotions, high-profile projects, or other career-defining opportunities, potentially stunting their professional development over time.to make informed decisions about remote work arrangements and develop strategies to mitigate these issues.
"
P34_FOR,34,test,FOR,1,"The remote work debate continues to spark heated discussions across industries, and I'm here to explain why the benefits far outweigh the drawbacks. One widely agreed-upon advantage is that both employers and employees can achieve a much stronger work-life balance. With this improved balance, workers naturally experience increased productivity and focus. Moreover, employers gain access to specialized talent from around the world.

Starting with the universal challenge everyone faces at the beginning of each day: the daily commute to work. Remote work eliminates this time-consuming factor, allowing all parties to reclaim time for exercise, family activities, or personal hobbies that contribute to overall well-being and life satisfaction. Beyond time savings, this shift removes the physical and mental drain of rush-hour traffic, crowded public transportation, and weather-related travel stress. This makes home life much less overwhelming, allowing people to establish healthier morning routines, enjoy proper breakfast meals, and arrive at their workspace mentally refreshed rather than frazzled from traffic. Consequently, employees can focus better on work during designated hours, and reduced stress improves work quality and creativity. Without the constant need to manage appearances, participate in office politics, or navigate complex social dynamics, remote employees can channel their full attention into meaningful work, producing faster results with noticeably higher standards and fewer workplace conflicts.

This dramatically elevates workforce quality by enabling employers to recruit talent globally, since geographic boundaries no longer constrain hiring decisions. Remote recruitment allows companies to secure specialists in niche fields who may be scarce locally but abundant internationally, such as experts in emerging technologies, rare programming languages, or specialized industry knowledge. Additionally, this global approach creates competitive salary advantages, as companies can often attract top-tier professionals from regions with lower living costs while still offering competitive compensation. The expanded talent pool also enables organizations to hire based purely on merit and cultural fit rather than settling for the best available candidate within commuting distance, leading to stronger team dynamics and reduced employee turnover as workers are genuinely matched to roles that align with their expertise and career goals. "
P39_AGAINST,39,control,AGAINST,1,"Remote work can demand more from employers because of productivity concerns. It is harder to train employees, monitor employee performance, and provide genuine feedback. For new employees, there may be accountability issues because some struggle with self-discipline and time management. They may also have a harder time learning the company culture and process. In my experience as a new employee, I recognize the privilege of learning directly on the job. When a question arises, I can send a message just as quickly remotely as I can in person. However, when it comes to receiving a response, the difference is immense. Face-to-face communication is vital, especially since most of the work is digital. Another concern that may arise when doing remote work is the setup. Not everyone has an adequate home office setup. If an issue with Wi-Fi arises at home, there aren't many ways to justify it. If the same thing were to happen at an office, the way the situation is monitored and handled would be completely different. These technical challenges, combined with the isolation from immediate support and the burden of creating a professional workspace at home, can significantly impact both productivity and job satisfaction for remote workers."
P39_FOR,39,control,FOR,2,"For some people, remote work is better than in-person. Outside of their personal preference, some individuals thrive when given the space to do so. Whether they feel pressure in a physical office or they simply function better at home, it can make a real difference in their output. It can also improve focus and reduce distractions if their regular in-person workplace is a busy environment. For many, this balance contributes to a better mental well-being and overall job satisfaction. Companies that offer remote options may see higher employee retention and productivity over time, making it beneficial for employees and employers. Remote work additionally saves people time for commuting to and from work, possibly allowing for more hours to be logged. The option to work remotely is especially helpful on days when the weather doesn't allow for a commute at all. For example, on a snow day when many roads are blocked, public transportation is down, and the office is closed, that day doesn't have to go to waste. If all employees work remotely that day, so many hours of productivity can take place, unlike if remote work weren't an option. This flexibility ultimately allows businesses to maintain continuity and avoid unnecessary disruptions."
P40_AGAINST,40,test,AGAINST,1,Covid 19 was the spark that forever changed the way we do work. Following the pandemic remote work and hybrid work have become popular ways we work. Remote work has many benefits but also comes with many drawbacks that people don't consider. One of the biggest drawbacks that I have personally experienced is technical issues. When working from home you are at the mercy of your internet provider and have no control over the strength and quality of your internet connection. Many times I have had terrible internet days that have significantly impacted my ability to work efficiently and productively. Another important drawback is the social isolation. People who work from home miss out on 'water cooler chats' with coworkers and miss out on networking and bonding opportunities like getting lunch together. Many times remote workers are passed up on and miss out on promotions because they are not as present in the company and haven't built a strong network. Another big draw back from working from home is the increased security risk. People who do remote work are at risk of having others on the same network spy on them and steal/intercept valuable information. Working from a public location like a library or coffee shop could end up being a huge risk if the company does not have the proper VPN and encryption protections set up.
P40_FOR,40,test,FOR,2,"Covid 19 was the spark that forever changed how we do work. Following the pandemic hybrid work and remote work have become very popular. Remote work has many benefits that apply both to the employee and the employer.

For the employer remote work has the ability to attract talent beyond the standard pool of employees that live within a commutable distance. In addition to being able to hire more potential workers the employer can save lots of money on letting go of unneeded office space. Companies that use remote work have less need for a physical office space and can reduce it or get rid of it all together. Removing office space will bring lots of cost savings as rent is one of the biggest fixed costs for a business.

For the employees remote work is a massive time save and cuts down on time spent commuting. In the United States the average one way commute to work is 27mins. It becomes 54mins spent total commuting back and forth everyday. With around 260 work days in a year that adds up to 234 hours spent a year on just commuting - almost 3 days! And that just the time, we have yet to speak of the money associated. Commuting is not free and many people pay parking or pay to take the train/bus. Eliminating those costs will bring employees lots of well needed savings."
P42_AGAINST,42,test,AGAINST,2,"While remote work gained popularity during the pandemic, returning to traditional office environments offers significant advantages that virtual arrangements cannot replicate.

Communication and Collaboration Suffer Face-to-face interactions foster spontaneous brainstorming, quick problem-solving, and nuanced communication that video calls simply cannot match. Non-verbal cues, casual hallway conversations, and impromptu meetings often spark innovation and build stronger team relationships. Remote workers miss these organic collaborative moments that drive creativity and productivity.

Mentorship and Career Development Decline Junior employees particularly struggle in remote environments, missing crucial learning opportunities that come from observing experienced colleagues and receiving informal guidance. The apprenticeship model—learning through proximity and observation—becomes nearly impossible when everyone works from home. This impacts long-term skill development and career advancement.

Company Culture Erodes Organizational culture thrives on shared experiences, casual interactions, and collective energy that physical presence creates. Remote work can lead to employee isolation, reduced loyalty, and weakened team bonds. Building trust and camaraderie becomes significantly more challenging when relationships exist solely through screens.

Accountability and Focus Issues Home environments present numerous distractions—family responsibilities, household chores, and personal interruptions that don't exist in dedicated workspaces. While some claim increased productivity at home, many struggle with boundaries between personal and professional life, leading to either overwork or underperformance.

Management Challenges Supervisors find it difficult to gauge employee engagement, provide timely feedback, and ensure project alignment when teams are dispersed. Training new employees, coordinating complex projects, and maintaining quality standards become more complicated without direct oversight.

Economic Impact on Communities Remote work hollows out business districts, negatively affecting restaurants, retail shops, and service providers that depend on office workers. This economic ripple effect undermines local communities and urban vitality.

While remote work offers flexibility, the benefits of in-person collaboration, mentorship, culture-building, and community engagement make a compelling case for returning to traditional workplace models."
P42_FOR,42,test,FOR,1,"The Future of Work is Remote: Why Going Virtual Works Better

The shift toward remote work isn't just a pandemic-era trend—it's a fundamental reimagining of how we approach productivity, work-life balance, and business efficiency. As companies worldwide embrace this model, the benefits have become undeniably clear.

Productivity Unleashed Contrary to skeptics' concerns, remote workers consistently demonstrate higher productivity levels. Without office distractions, lengthy commutes, or unnecessary meetings, employees can focus on deep work during their peak energy hours. A Stanford study found remote workers completed 13% more tasks than their office counterparts, while also reporting higher job satisfaction.

Access to Global Talent Remote work demolishes geographical barriers, allowing companies to recruit the best candidates regardless of location. This expanded talent pool leads to more diverse teams, fresh perspectives, and specialized expertise that might not exist within commuting distance of a physical office.

Cost Savings for Everyone Businesses save significantly on overhead costs—office rent, utilities, supplies, and amenities. Meanwhile, employees pocket thousands annually by eliminating commuting expenses, work wardrobes, and daily meal purchases. These savings benefit both employer profit margins and employee financial wellness.

Environmental Impact Reduced commuting means fewer cars on the road, lower carbon emissions, and decreased urban congestion. If remote work trends continue, we could see meaningful progress toward environmental sustainability goals while maintaining economic growth.

Work-Life Integration Remote work enables better integration of personal and professional responsibilities. Parents can attend school events, employees can care for aging relatives, and everyone gains precious time previously lost to commuting. This flexibility often leads to reduced turnover and increased loyalty.

The Bottom Line Remote work represents more than convenience—it's a strategic advantage. Companies embracing this model attract top talent, reduce operational costs, and build more resilient, adaptable organizations. As digital collaboration tools continue improving, the question isn't whether remote work is viable, but whether companies can afford not to embrace it.

The future belongs to organizations brave enough to prioritize results over presence.


"
P43_AGAINST,43,control,AGAINST,1,"The Hidden Costs of Remote Work: Why We Need to Return to the Office
While remote work gained popularity during the pandemic, it's time to acknowledge that this workplace revolution has created more problems than solutions. Despite claims of improved work-life balance and productivity, remote work is fundamentally damaging both our professional effectiveness and social fabric.
The most significant casualty of remote work is collaboration. Innovation thrives on spontaneous interactions: the casual hallway conversations, impromptu brainstorming sessions, and non-verbal cues that drive creative problem-solving. Video calls, no matter how sophisticated, cannot replicate the energy and dynamics of in-person collaboration. Teams working remotely often suffer from communication delays, misunderstandings, and a lack of cohesive culture that naturally develops when people share physical space.
Remote work also creates an illusion of productivity. While workers may complete individual tasks efficiently from home, the absence of immediate colleague interaction often leads to duplicated efforts, missed opportunities for knowledge sharing, and slower decision-making processes. The mentorship that naturally occurs in office environments, where junior employees learn through observation and informal guidance, virtually disappears in remote settings.
Perhaps most concerning is the erosion of professional identity and career development. Remote workers frequently report feeling disconnected from their organizations and struggle with work-life boundaries, leading to either burnout or diminished engagement. The lack of visibility also puts remote employees at a disadvantage for promotions and meaningful project assignments.
Furthermore, remote work exacerbates inequality. Not everyone has access to proper home office setups, reliable internet, or quiet work environments. This creates a two-tiered system where some employees thrive while others struggle with inadequate resources.
While flexibility has its merits, the complete abandonment of shared workspaces has proven costly. Companies serious about innovation, culture, and employee development must prioritize bringing teams back together. The future of work isn't about choosing convenience, it's about fostering human connection and collaborative excellence that only in-person work can provide."
P43_FOR,43,control,FOR,2,"The Remote Work Revolution: Why Working From Home Benefits Everyone
The pandemic forced millions into remote work, but what began as necessity has revealed itself as the future of employment. Far from being a temporary fix, remote work offers compelling advantages that benefit employees, employers, and society at large, especially when it comes to human relationships and well-being.
Productivity soars when commutes disappear. Stanford economist Nicholas Bloom's landmark study of 16,000 workers found that remote employees were 13% more productive than their office counterparts, with fewer breaks, shorter lunch periods, and reduced sick days. When workers aren't exhausted from commuting or distracted by office chatter, they simply get more done.
The talent pool becomes limitless. Companies no longer need to limit hiring to a 30-mile radius. Rural workers can access opportunities previously confined to expensive urban centers, while businesses can recruit the best candidates regardless of geography. This democratization of opportunity reduces inequality and drives innovation through diverse perspectives.
Family relationships strengthen dramatically. Remote workers report being more present for their children's milestones, able to help with homework, and available during family emergencies. Parents no longer miss school plays for pointless meetings, and caregivers can better support aging relatives. This flexibility reduces the guilt and stress that plague working parents, creating stronger family bonds.
Quality relationships replace office small talk. Without forced interactions around water coolers, remote teams build connections through intentional communication. Video calls create more intimate, face-to-face conversations than cubicle drive-bys. Workers report forming deeper friendships with colleagues through purposeful virtual coffee chats rather than superficial office pleasantries.
The environmental impact is undeniable. The EPA estimates that eliminating commutes could reduce transportation emissions by up to 29%. With climate change accelerating, remote work represents one of the most scalable solutions for reducing our carbon footprint without sacrificing economic growth.
Mental health improvements are measurable. Remote workers report better work-life balance, reduced stress, and increased job satisfaction. The elimination of office politics and rigid schedules allows for more authentic relationships and personal well-being.
Critics worry about collaboration and company culture, but tools like Slack, Zoom, and Notion have proven that meaningful connection and teamwork can thrive digitally. The companies embracing remote work today—from Twitter to Shopify—are attracting top talent while their competitors cling to outdated office requirements.

The evidence is clear: remote work isn't just a perk; it's a competitive advantage that creates value for everyone involved."
P44_AGAINST,44,test,AGAINST,1,"The Remote Work Dilemma: Convenience vs. Connection

Remote work offers undeniable convenience - eliminating stressful commutes, providing comfortable work environments, and enabling better personal time management. However, these benefits come with significant trade-offs that impact both productivity and workplace culture.

Collaboration and Communication Challenges The most notable downside is the deterioration of spontaneous collaboration. In traditional offices, colleagues can quickly resolve issues through impromptu conversations, share ideas during coffee breaks, and build solutions through immediate face-to-face interactions. Remote work transforms these instant exchanges into scheduled meetings or delayed chat responses, slowing decision-making processes and reducing creative spontaneity. The energy and synergy generated by physical proximity are difficult to replicate virtually.

Mental Health and Boundary Issues The blurring of personal and professional boundaries creates additional stress. Many remote workers struggle to ""switch off,"" leading to longer working hours and burnout. Conversely, home distractions can reduce focus and productivity. The isolation factor is particularly concerning - humans are inherently social beings, and the lack of casual workplace interactions can lead to loneliness and decreased job satisfaction.

Visibility and Career Development Demonstrating productivity and value becomes more challenging in remote settings. Career advancement opportunities may diminish due to reduced face-time with leadership and fewer mentorship possibilities.

The optimal solution appears to be hybrid models that combine remote work's flexibility with in-office collaboration benefits."
P44_FOR,44,test,FOR,2,"Remote Work: The New Normal After the Pandemic

After the pandemic, remote work has become the regular norm in most industries, especially in the IT sector. While it offers many benefits, there are also some downsides to consider.

Benefits for Employees

One of the main advantages is location flexibility. Employees can work from anywhere in the world while still attending meetings, collaborating with colleagues, and completing their tasks effectively. This arrangement allows for better work-life balance, providing more quality time with family and opportunities to offer support when needed. With a proper home office setup, employees can create a quiet, focused environment that often leads to increased productivity.

Remote work also eliminates commuting, allowing employees to save on transportation costs, car expenses, and other work-related expenditures. Additionally, it reduces driving-related stress, anxiety, and the risk of accidents.

Benefits for Employers

For employers, remote work opens up access to a global talent pool, enabling them to hire the best candidates regardless of location. Companies can also significantly reduce overhead costs by downsizing office spaces and eliminating related workplace benefits and expenses.

Key improvements made:

Fixed grammatical errors and awkward phrasing
Improved sentence structure and flow
Added clear headings for better organization
Eliminated repetitive phrases
Corrected spelling (""transporatation"" → ""transportation"")
Made the text more concise while maintaining all key points"
P45_AGAINST,45,control,AGAINST,2,"There are a few drawbacks of working remotely that organizations should carefully consider. For example, in remote settings, the absence of spontaneous ""water cooler"" conversations and impromptu brainstorming sessions can stifle creativity and innovation. Virtual meetings, while functional, often miss crucial non-verbal cues that facilitate effective communication and can lead to misunderstandings that would be easily resolved in person. These communication barriers can result in project delays and reduced team cohesion.

Another big challenge is that of monitoring productivity. When teams work remotely, supervisors often struggle to monitor productivity, provide timely feedback, and ensure accountability. This is particularly problematic for junior employees who require close mentorship and guidance to develop their skills effectively. The traditional apprenticeship model, where knowledge is passed down through observation and informal interactions, becomes nearly impossible to replicate virtually. Without proper oversight, employees may also struggle with self-discipline and time management, leading to decreased overall performance.

From the perspective of work-life balance, it can be difficult to establish boundaries between personal and professional time. Many remote workers find themselves working longer hours or being constantly ""on-call,"" which can lead to burnout and decreased job satisfaction. There also is less opportunity for employees to form meaningful bonds with their co-workers, and this results in erosion of company culture. This isolation can negatively impact employee morale and retention rates. Finally, the lack of monitoring may result in security risks and information vulnerabilities as employees access company data from potentially unsecured home networks.

Therefore, remote work carries serious downsides which should be considered before making the decision to adopt it."
P45_FOR,45,control,FOR,1,"I am a strong advocate for remote work arrangements, believing they represent a fundamental shift in how we approach professional employment in the modern era. The most compelling advantage of remote work, in my opinion, is its ability to completely eliminate geographical barriers in the hiring process. Companies are no longer constrained by their physical location when seeking top talent, allowing them to cast a much wider net and access skilled professionals from around the globe. This geographic flexibility works both ways – talented individuals can now pursue lucrative opportunities with organizations worldwide, regardless of where they happen to live. This democratization of employment opportunities has the potential to level the playing field significantly.

Beyond the expanded opportunities, remote work delivers substantial practical benefits in terms of time and financial savings. The elimination of daily commuting not only saves money on transportation costs, fuel, and vehicle maintenance, but also reclaims valuable hours that would otherwise be lost in traffic or on public transportation. This recovered time can be invested in productive work, personal development, or family relationships.

The comfort factor of working from one's own environment cannot be overstated. Home offices allow for personalized setups that maximize individual productivity and comfort. Workers can enjoy home-prepared meals, avoid the social pressures and distractions common in traditional office settings, and create an atmosphere that truly suits their working style.

From an environmental perspective, remote work offers significant ecological benefits that extend beyond reduced commuting emissions. Office workers frequently rely on takeout food and beverages, generating substantial packaging waste and contributing to environmental degradation. Remote workers typically consume fewer packaged goods and maintain a smaller overall carbon footprint, making this arrangement an environmentally conscious choice for both individuals and organizations committed to sustainability."
P48_FOR,48,test,FOR,2,"As humans,  we are consistently looking for ways to improve life and functionality, and one of the key agents for advancement is the work we do. Whether that be physical or mental labor, we rely on everyone's productivity to reach those goals. Remote work, is one of the most important catalysts for efficient work. Some of the most important ways remote work helps us improve life and functionality is it allows for more freedom, optimized performance through environmental control, and enhances our overall health. 

Time is of the essence. It always is. We already spend a third of our lives sleeping, and another third working, not to mention the commute. If we could do something to reduce time spent towards work, and shift it towards free will, why not do so. That's where it becomes clear, remote work is necessary. In the United States, the average commute time is about an hour a day, so you'd be shaving that off with remote work. 

With time taken care of by remote work, it helps optimize performance. However, being ergonomics also is different with remote work, you aren't tied down to uncomfortable work clothes and inadequate noise levels likely existing at workplaces not suited for the specifgic indivixual"
